class_id,tutor_id,subject_code,grade,mode,area_code,venue_id,fee,price_band,capacity_seats,status,created_at,published_at
2676eb3b-4cd9-4c0f-90e3-707b40b22cef,31604f3c-6043-4657-99d5-175e8c9459b0,OL_ENG,11,online,NUG-01,,1481.10,low,106,published,2025-04-28T15:09:54Z,2025-05-04T15:09:54Z
7b97003e-851b-444c-82ff-c864e4d1ba59,011d7c91-601c-490b-8746-3add2378fa9f,AL_PHY,12,online,CMB-07,,6619.47,high,40,published,2025-08-29T21:25:50Z,2025-09-18T21:25:50Z
40a689df-724f-43fe-9ddc-485ba82bad5a,0323d8e7-e904-40fe-84b8-e30efc74c984,AL_PHY,13,physical,KOT-01,b10bc8e3-21d1-4c63-bcc2-2cb7a9112dc7,4571.84,mid,58,published,2025-06-25T19:49:06Z,2025-07-05T19:49:06Z
d370bf97-d385-4f88-970e-8ffb40d341d7,7c2c4ad2-4295-4528-8a54-f782b998dc9a,OL_ENG,11,physical,CMB-04,3ea2ef9f-9681-45cc-8592-7986b7a4a17f,6468.31,high,117,published,2025-08-02T19:50:05Z,2025-08-03T19:50:05Z
90adfc8c-f8ee-4a60-8a94-fc55d81857de,6e2c8b16-7257-410a-a87c-e657d1a0d3a1,OL_TAM,10,online,HOM-01,,8328.26,high,22,draft,2025-05-16T10:17:18Z,
c3714812-48cb-4f57-8a5f-963942cddc86,5c0dd307-ba82-40ce-9841-5f92b06b1da4,OL_TAM,11,physical,HOM-01,7f7e7d19-7f7e-479e-9bce-c30649b33f95,1668.61,low,68,published,2025-05-15T08:33:16Z,2025-06-09T08:33:16Z
924e4540-a0c4-48b3-9de6-3cb88c4827fd,ad615e2a-337e-4a7d-b8f9-1c1f9520f27b,AL_CHEM,13,online,CMB-10,,3751.14,mid,51,published,2025-09-01T04:29:33Z,2025-10-01T04:29:33Z
986b6790-7c6a-4e8b-b405-458f2cb4850c,2b90f44d-05ec-4eda-bcf9-f58051ac2b9f,AL_ECON,12,online,KOT-01,,5781.74,high,110,published,2025-06-15T16:38:39Z,2025-07-04T16:38:39Z
586139a3-6837-4906-8af7-c843dfd559f0,8c9151c2-e357-44df-89b7-c0da11b87c94,AL_BIO,12,physical,NUG-01,ff8c7690-16aa-4c81-a918-1d11a1bd693b,7888.01,high,88,published,2025-06-17T06:47:28Z,2025-06-20T06:47:28Z
c054ca63-11ef-4090-8300-8c4d805bff28,97da5916-30ed-4e39-9c4b-1a64769ce5f1,OL_SIN,10,physical,MAL-01,f2034b26-512e-43d1-92f8-9eaf2a02bec6,4388.89,mid,39,published,2025-05-15T13:36:28Z,2025-06-01T13:36:28Z
556b24b9-e131-48cb-8c05-003bfb89d3b5,7f7f20ef-559b-4d48-a055-f42d669237f2,OL_ICT,10,online,MAL-01,,7338.60,high,89,draft,2025-06-08T03:36:15Z,
a7b87e6d-7532-4b4f-ad28-165ff7c68369,9492e470-5540-43f7-99ae-d341264ac713,OTHER_MUS,12,physical,MAH-01,7bc59201-29c0-4fb9-8e95-b577cba2bd91,5881.94,high,109,published,2025-06-28T19:51:23Z,2025-07-28T19:51:23Z
7e4dfb64-3355-43b2-8b33-55d9847a2f55,edcbae1b-c1e4-498e-99e8-70a43a312405,AL_MATH,12,online,DEH-01,,3294.85,mid,79,published,2025-07-17T13:30:35Z,2025-07-27T13:30:35Z
4761507e-064d-4c2a-9ed2-345c49ca983c,67777126-3f91-4260-9daa-d1ce212da413,OL_MATH,11,physical,MAL-01,f2034b26-512e-43d1-92f8-9eaf2a02bec6,6527.35,high,102,published,2025-07-30T19:23:02Z,2025-08-24T19:23:02Z
68ac83e7-db09-4686-a1e3-4775f23ba0e4,b58e8abf-3cf9-4436-a7b4-09e81ad37216,AL_MATH,12,online,CMB-05,,5196.15,mid,85,published,2025-08-15T16:35:22Z,2025-08-16T16:35:22Z
da0ecd6e-c297-433d-8f91-b7c63c45f4ae,faf1f1d8-550e-44a7-99f2-d9feb44c250b,OL_MATH,11,physical,HOM-01,b10bc8e3-21d1-4c63-bcc2-2cb7a9112dc7,2785.15,mid,114,published,2025-04-03T16:21:56Z,2025-04-20T16:21:56Z
5269b8e8-bc73-4c44-b699-43f1e7cf8a96,7c387a75-d192-4057-90f5-3a97c817df5c,OTHER_ART,12,online,CMB-08,,5987.43,high,31,published,2025-08-27T19:45:59Z,2025-09-15T19:45:59Z
5f93dcb3-4088-4d2d-928f-b15a4682db46,66ee8817-f69b-449d-ad24-efc7a3043a08,OL_MATH,11,online,MTL-01,,3855.56,mid,79,published,2025-04-27T00:10:55Z,2025-05-17T00:10:55Z
8fccf0f6-0339-4c42-98a5-55ebe90aa7c2,a9da61fd-70f6-4476-b506-8a81d97384c4,AL_ACC,12,online,CMB-08,,2377.39,low,63,published,2025-08-13T19:45:34Z,2025-09-10T19:45:34Z
23d5099d-9596-4249-bb55-526d51b28211,67ab0586-1de4-43ff-8364-935e047cd021,OTHER_ART,13,online,MAH-01,,6121.04,high,69,published,2025-05-25T08:49:15Z,2025-06-04T08:49:15Z
d5709f58-73fa-49e5-a11b-4cbfcb692f4c,85d6c5dd-7047-4f37-ae35-2d97607f7e08,OTHER_MUS,13,online,CMB-03,,7399.96,high,94,published,2025-07-03T17:50:17Z,2025-07-20T17:50:17Z
9d210080-4aa8-44d0-afcd-d04482444d60,017d8c3d-b9aa-4097-a257-529672d66cfb,AL_CHEM,13,online,NUG-01,,8404.91,high,93,published,2025-04-25T11:37:51Z,2025-05-01T11:37:51Z
a4eed0e5-0bf2-4e54-8d19-721fc8e07076,22c9f1f6-5e4b-4600-8b98-9b2d31d6e8fa,AL_ECON,12,online,DEH-01,,4638.95,mid,97,draft,2025-03-14T05:15:02Z,
9c9d46ea-130b-4052-800f-6be2498ee9ad,77ef85d6-c58c-49d7-984a-a791bf79ce2c,AL_CHEM,13,online,CMB-05,,2944.44,mid,61,draft,2025-05-27T06:14:57Z,
086bbc8f-391b-437a-88d3-137728c1b77f,5c0dd307-ba82-40ce-9841-5f92b06b1da4,OL_TAM,11,physical,HOM-01,b10bc8e3-21d1-4c63-bcc2-2cb7a9112dc7,1610.96,low,47,draft,2025-03-09T11:56:49Z,
243abc22-6b26-42fa-aed2-466d70308566,d45e08b1-97d5-487a-993f-54eeb612429b,AL_ECON,12,online,HOM-01,,8042.25,high,68,published,2025-05-18T21:40:22Z,2025-05-30T21:40:22Z
0c2354a3-7c04-4e41-99f2-291c5f88f5b0,b39a5694-131a-44d5-b962-29a9380edbd2,AL_PHY,13,online,MAH-01,,5063.11,mid,46,draft,2025-04-16T07:20:30Z,
d21f5b46-f720-4810-ab6b-d04af9d152e5,5df91105-c1d9-4906-be93-6fa46c52e201,OL_SCI,10,online,MTL-01,,4746.62,mid,46,published,2025-09-04T20:20:48Z,2025-09-27T20:20:48Z
89515cf6-3763-44f9-9f27-7ff7ba9b8b90,5e3975ae-45ac-48d7-8113-1f5283c6b943,OL_SIN,11,physical,CMB-04,7f7e7d19-7f7e-479e-9bce-c30649b33f95,9714.51,high,84,published,2025-06-06T00:57:00Z,2025-06-22T00:57:00Z
5cfa832c-bf9d-45ab-a1bc-0ea122524a99,7c387a75-d192-4057-90f5-3a97c817df5c,AL_MATH,12,online,CMB-08,,4433.25,mid,73,published,2025-04-06T18:12:31Z,2025-04-17T18:12:31Z
d04a15e2-947e-4e8f-a619-30422ec59ed5,edcbae1b-c1e4-498e-99e8-70a43a312405,AL_MATH,12,online,DEH-01,,3633.26,mid,103,published,2025-03-31T16:40:14Z,2025-04-20T16:40:14Z
6ff56747-2b6a-44c0-880a-4439bec4bec8,40224c4f-2328-4e79-a214-742e8e4bf6ca,OL_ENG,10,online,CMB-01,,9767.83,high,55,published,2025-07-02T10:37:45Z,2025-07-03T10:37:45Z
ba0bd413-bb51-46a9-9af5-cd8e0de27ce1,58622af7-55b0-47a5-b9f2-8286b7820528,AL_PHY,12,online,CMB-06,,6548.87,high,39,published,2025-08-28T08:29:51Z,2025-09-21T08:29:51Z
967d6484-3a7b-4145-b8bb-dc07cab7e4bf,02c43c58-5598-4505-a7f3-2e8c7101e10b,OL_ICT,10,online,RAJ-01,,8120.39,high,67,published,2025-04-29T01:22:15Z,2025-05-12T01:22:15Z
19315708-836c-4f54-a205-4e4d66d45736,9dd99f42-3c94-44ff-8330-6c558f393549,OL_ICT,10,online,CMB-04,,8484.02,high,105,published,2025-04-10T09:07:45Z,2025-05-05T09:07:45Z
d5cfe899-bf1e-4bf6-b4ce-b89efeda5914,981d4bf6-c443-419c-b973-1ba7890fcbae,AL_ECON,13,online,CMB-04,,3485.77,mid,71,published,2025-06-09T21:11:42Z,2025-06-28T21:11:42Z
dfc38400-7b83-45a9-bb0b-17e6ab8ff7bf,b6496831-7b0d-4c72-a3a6-8d945375cb21,AL_BIO,12,online,MAH-01,,6270.15,high,80,published,2025-04-23T22:52:46Z,2025-05-22T22:52:46Z
3b942967-2dde-4b81-bfa3-6dcccd7b5161,6e2c8b16-7257-410a-a87c-e657d1a0d3a1,OL_TAM,11,physical,HOM-01,1479ca35-00e6-4c42-800a-75c2646bb5ec,7660.67,high,40,published,2025-07-12T07:19:56Z,2025-08-09T07:19:56Z
9ad648d3-45c4-4504-9a50-e8c83366ca01,ffc860bb-534a-4392-a7be-1bed6a3f3294,OL_MATH,11,online,NUG-01,,7516.25,high,80,published,2025-08-07T02:19:20Z,2025-09-03T02:19:20Z
03d92391-c340-4782-8dc4-972a966b36d0,d5021962-995f-4694-9148-9daa1f921ac8,OL_ENG,10,online,CMB-01,,5117.71,mid,101,published,2025-08-30T20:26:12Z,2025-09-14T20:26:12Z
d127bc94-03cb-4a57-b9f9-b5c0f2442b45,2a46a32e-6f4b-4ed1-b40b-1ff8c00a5c2d,OTHER_MUS,13,online,CMB-07,,9235.29,high,66,archived,2025-04-05T08:01:22Z,
c7453343-f36c-44f6-a322-4307f82dd639,16bd759a-9636-4cca-9e48-f634c5f43c3a,OL_ENG,10,physical,DEH-01,9eecb70d-759c-4ffc-aef5-12e734752fa2,3248.55,mid,38,published,2025-03-30T19:34:57Z,2025-04-22T19:34:57Z
db29e498-51bd-4862-bb6f-f5984485eead,319c0c87-0653-489e-a34d-d3cc5d47085e,OL_ENG,11,physical,CMB-05,82b1a9b4-6b86-46dc-83f1-f3949e8d59bc,5586.51,high,52,published,2025-06-23T20:03:25Z,2025-07-03T20:03:25Z
9a36736d-e27d-4c9e-98a7-83eb5f389db4,f1223440-d568-46ad-b2ab-fd2b0199cca8,OL_ICT,10,online,CMB-08,,1811.78,low,67,published,2025-03-12T04:31:43Z,2025-04-04T04:31:43Z
326ca458-f1ab-4f56-90a8-9ea26bb35ef5,870776b4-560a-4893-b7ba-df67a3d424ef,AL_MATH,12,online,MAL-01,,8837.29,high,21,published,2025-03-12T03:29:30Z,2025-04-07T03:29:30Z
d3cf3736-cee7-43ba-8c3c-d96d3a613434,147ae18d-8712-48f4-bf26-33e2d739e592,AL_MATH,13,physical,CMB-08,ff8c7690-16aa-4c81-a918-1d11a1bd693b,4694.56,mid,64,published,2025-08-03T10:31:18Z,2025-08-17T10:31:18Z
437aab8a-9ed5-4f7f-9251-5c6c7c1d240e,8c175bb4-720d-432c-ab7f-a2f24aace261,OL_TAM,11,physical,NUG-01,7bc59201-29c0-4fb9-8e95-b577cba2bd91,4192.94,mid,103,draft,2025-07-07T21:51:32Z,
8ff03035-7b48-4033-88a5-49fa41e466a8,432d43d6-459d-4c5f-9a9d-ca9290c7ff42,OL_ICT,11,physical,KOT-01,563d1ebf-b018-48d1-a923-c990b7f4f158,7193.59,high,78,published,2025-07-09T20:41:32Z,2025-08-02T20:41:32Z
78d89613-c8f3-4d42-bdec-442cb68c2919,0ffa143e-9f93-40db-acaa-0a362559f4ab,OL_SCI,10,online,BAT-01,,5063.36,mid,74,published,2025-04-16T22:03:27Z,2025-04-19T22:03:27Z
d1286bdb-a4a5-42b0-825b-801db1d74721,9907ee0a-0140-4e8f-805c-94e4be4ed80c,AL_MATH,12,online,CMB-11,,4405.87,mid,111,published,2025-07-11T21:37:07Z,2025-07-20T21:37:07Z
1b4a5836-5602-4fee-b95b-5c64a27a0b35,b6ce1be5-2d64-4538-b43c-e48bc2853afe,AL_PHY,12,online,CMB-08,,4029.37,mid,84,published,2025-09-13T07:30:07Z,2025-09-19T07:30:07Z
6a9df35b-ef0a-4830-abc3-4bf93a4b7a37,58622af7-55b0-47a5-b9f2-8286b7820528,AL_PHY,12,physical,CMB-06,b5f10718-03a1-4045-9050-054b619e1aae,7171.24,high,96,draft,2025-03-17T03:33:10Z,
ac730e2b-9169-4f39-95c6-50ca0a303ea4,c12b4fd9-4689-4826-8142-1abc3a446a48,OL_ICT,10,online,MTL-01,,7663.03,high,87,published,2025-04-29T13:10:52Z,2025-05-02T13:10:52Z
3c0afe61-3f3b-4130-baa5-b11975eef71b,19109da6-c342-4bbb-b532-bd742e1038f7,OTHER_ART,12,online,BAT-01,,8315.86,high,116,published,2025-08-10T13:38:20Z,2025-09-06T13:38:20Z
008558ee-f896-4742-af12-7a999fc00c4e,361a8d6d-6f7b-4e53-9511-ebdbad292d87,AL_MATH,12,online,KOT-01,,9654.28,high,57,published,2025-08-09T11:59:31Z,2025-09-06T11:59:31Z
bfa84a56-1e66-46b1-80a2-92f5df730b9d,5811ffe0-2d91-4a6a-9c56-c8bc609f6395,OL_ENG,11,physical,CMB-11,1c98a772-7dff-44d2-b2c7-a93065ee9b84,4304.48,mid,52,published,2025-06-27T21:53:53Z,2025-07-03T21:53:53Z
c62e7665-158f-476b-b01a-4fb31953ac8c,fc171210-3afe-4233-a8ca-2fd5257047a7,AL_ACC,12,online,CMB-08,,7606.69,high,37,published,2025-04-30T03:11:29Z,2025-05-24T03:11:29Z
b135f4b5-11cf-47f9-a5e7-6267c00f5b76,9f114cbc-44bf-4ced-99c3-df425436c674,AL_ECON,12,online,CMB-11,,4108.96,mid,70,published,2025-06-03T10:23:48Z,2025-06-29T10:23:48Z
79eed065-076e-4800-8255-3d3e0144f8d8,925db68d-b37b-444c-a8bd-e9ea0d5e1c3d,OL_SCI,10,online,CMB-05,,6592.42,high,71,published,2025-04-26T20:50:06Z,2025-05-02T20:50:06Z
baa1acc8-654b-4285-b666-f73351b74e60,8854704c-17d9-4461-9835-d95a940709cf,AL_ACC,13,physical,MTL-01,4a59d064-13a0-4252-9b8e-206ca7f53fb3,1921.43,low,86,published,2025-04-07T17:56:27Z,2025-05-01T17:56:27Z
9f83c44b-fde9-4301-86e2-095ede4cdc6b,3d8039a5-9bce-46d3-a2d3-190fef3ce369,AL_BIO,12,online,CMB-11,,3054.51,mid,35,published,2025-08-22T08:32:14Z,2025-08-26T08:32:14Z
6211c8fd-6bb5-41ab-b4fa-189d97f14f1c,9808f420-ba3a-4f1b-83db-4aaefe6e1761,OL_SIN,11,online,DEH-01,,4938.73,mid,25,published,2025-06-06T02:30:52Z,2025-06-09T02:30:52Z
9fd8ff9a-daae-44fe-bd6e-8d0111d5780d,7699a03e-9bef-44ab-a476-d886f9b64244,AL_BIO,12,online,CMB-05,,5542.20,high,108,draft,2025-09-04T03:31:45Z,
a3d8e8c3-faf7-45a3-b712-e52e380da780,8e847aaa-5f2d-4ca7-be39-eebcbfb7c9f6,OTHER_MUS,12,online,CMB-05,,7269.22,high,113,published,2025-07-17T16:43:51Z,2025-07-24T16:43:51Z
b17cc59a-17e0-4956-8e9f-098b786c5cc8,177feb0e-4049-4953-96a3-3e7d8dafc217,OTHER_MUS,13,online,CMB-10,,3247.69,mid,101,published,2025-06-15T17:12:44Z,2025-07-11T17:12:44Z
f32ebf35-862a-4edc-a9a9-92f15b1cd140,46f7959f-7f4c-46fd-9764-a7b45f5dd7ab,AL_BIO,13,physical,CMB-03,b10bc8e3-21d1-4c63-bcc2-2cb7a9112dc7,3529.24,mid,30,published,2025-09-03T11:10:05Z,2025-09-10T11:10:05Z
9ecb6592-c40f-4aa3-8240-b14ef1e0b18d,8ecfcbfa-07c7-4e7b-9375-ae2a25020d71,AL_ACC,12,online,DEH-01,,3260.84,mid,33,archived,2025-09-04T08:43:44Z,
cf233616-c959-4375-95ab-65f9afc1d49e,a0a119ab-407c-4289-91c8-bea00ac06305,OTHER_ART,13,online,HOM-01,,9671.97,high,105,published,2025-04-09T18:16:22Z,2025-04-27T18:16:22Z
6a0daa89-14f7-4300-a8ab-a1210e772fb8,3dd0d418-0945-4d40-a235-84b0960e039f,AL_PHY,12,online,CMB-04,,1619.59,low,94,published,2025-08-09T17:15:36Z,2025-09-04T17:15:36Z
3f1a0d2e-ae91-4fd9-a151-f1f206798d90,afe0d023-14b8-4df0-805c-645222046ec9,AL_CHEM,12,physical,CMB-06,f2034b26-512e-43d1-92f8-9eaf2a02bec6,7421.78,high,93,draft,2025-03-13T08:57:55Z,
8019d15b-556b-4183-98ec-58f730131b68,3c64a710-eae8-444c-995f-861e3ed4e74d,OL_MATH,10,online,CMB-06,,7257.06,high,43,published,2025-07-04T15:40:34Z,2025-07-07T15:40:34Z
c18bb443-fe8d-40a9-af1d-2e86f1c9993d,8e847aaa-5f2d-4ca7-be39-eebcbfb7c9f6,OTHER_MUS,12,online,CMB-05,,9260.10,high,52,published,2025-07-10T12:18:06Z,2025-07-21T12:18:06Z
e407771e-4175-4dcd-a27e-53120dee5cf9,2a97c050-6ac9-4f58-86d4-f5f55be06f9c,AL_PHY,13,online,CMB-01,,7470.21,high,61,published,2025-06-09T02:28:56Z,2025-07-03T02:28:56Z
7e57cdf7-cac0-4557-ad08-262b1cc68d00,981d4bf6-c443-419c-b973-1ba7890fcbae,AL_ECON,13,online,CMB-04,,4248.00,mid,116,published,2025-05-04T17:13:21Z,2025-05-31T17:13:21Z
c2831acf-53b0-4723-99bb-f72696b4e5bb,8948274c-f863-4e05-a678-908e6ffe41cb,OL_ICT,11,online,MAL-01,,5155.74,mid,88,published,2025-05-26T06:38:26Z,2025-06-05T06:38:26Z
06e547a5-59df-44e0-ba0d-2b3e28d348cd,22c9f1f6-5e4b-4600-8b98-9b2d31d6e8fa,AL_ECON,12,online,DEH-01,,5888.70,high,60,published,2025-05-10T04:57:44Z,2025-06-03T04:57:44Z
2cea9449-7e80-4bd9-829a-b2dd1a613b76,73786ab1-3a9d-45c0-a82a-2cbac08535b2,AL_ACC,13,online,DEH-01,,2990.38,mid,63,draft,2025-07-17T06:36:25Z,
5225f5cc-9522-40df-99cc-9bf6da71c260,461ce3e7-4635-44d3-b824-ba453767155e,AL_ACC,13,online,CMB-05,,6403.51,high,44,published,2025-09-11T10:53:57Z,2025-10-03T10:53:57Z
835c9d59-e96e-4897-9c45-850a2cb1ee84,a0a119ab-407c-4289-91c8-bea00ac06305,AL_MATH,12,physical,HOM-01,1479ca35-00e6-4c42-800a-75c2646bb5ec,7209.47,high,31,published,2025-08-03T01:01:00Z,2025-08-30T01:01:00Z
998b68d8-00b3-434e-96dc-58726a0ead41,a15c54fa-5444-4385-86a0-25860ababab1,AL_CHEM,13,physical,NUG-01,17d21e48-8a39-4b83-b1fe-b5ed51c73849,1778.70,low,69,published,2025-06-21T00:59:11Z,2025-07-10T00:59:11Z
a766af59-6ad2-4a57-819e-aec0f8d97340,fd59a461-c7ea-432a-b390-4eb924268613,OTHER_ART,13,online,RAJ-01,,5763.10,high,25,published,2025-04-28T02:20:26Z,2025-05-19T02:20:26Z
9da3b04a-2ee8-4794-a655-70ad63e806cb,46f7959f-7f4c-46fd-9764-a7b45f5dd7ab,AL_CHEM,13,physical,CMB-03,bfcc9b41-c15b-4691-9cb5-04d5dd78ade3,3529.43,mid,51,draft,2025-08-16T21:56:25Z,
6d505f84-81ad-459a-8804-08d9b9b459b5,ad615e2a-337e-4a7d-b8f9-1c1f9520f27b,AL_ACC,12,online,CMB-10,,4053.48,mid,22,draft,2025-09-02T13:57:33Z,
3bd8ce68-aa47-48c0-b134-06010c9c68e0,8b318fa1-103a-44c1-a075-8978885aa6c5,AL_ACC,12,online,CMB-05,,6553.58,high,86,published,2025-07-27T05:35:40Z,2025-08-19T05:35:40Z
b645107d-2999-4dea-8475-45ff2306fd43,f4e72b04-6296-4920-a344-87b6a53ac34f,OL_MATH,11,physical,CMB-05,82b1a9b4-6b86-46dc-83f1-f3949e8d59bc,3227.23,mid,66,draft,2025-05-29T01:08:33Z,
a32ada7f-b861-4d6c-84cb-8a09d8753663,b5f2ee03-d29c-4511-bd97-e7f8c7de3e5f,OL_MATH,11,online,CMB-04,,5261.90,mid,108,published,2025-06-02T18:45:26Z,2025-06-27T18:45:26Z
794d2a07-e18c-4441-832c-b66a958bceee,d5021962-995f-4694-9148-9daa1f921ac8,AL_ECON,12,online,CMB-01,,3865.35,mid,120,archived,2025-08-30T15:43:21Z,
b708478f-e922-4024-9ae6-544bd16eac6e,d5021962-995f-4694-9148-9daa1f921ac8,OL_ENG,10,online,CMB-01,,5035.91,mid,97,published,2025-07-12T04:18:57Z,2025-08-03T04:18:57Z
e93a4e69-7346-4f61-ae3b-b01f6b510386,d4ccfa46-2a36-428d-85b4-fb7f48a8c3dc,OL_TAM,11,online,DEH-01,,2824.45,mid,26,published,2025-08-15T22:46:44Z,2025-08-30T22:46:44Z
2af56f1a-b9fa-4601-9ebf-7c3385a5341a,2b90f44d-05ec-4eda-bcf9-f58051ac2b9f,AL_ECON,12,online,KOT-01,,5302.74,mid,91,published,2025-03-21T05:53:28Z,2025-04-18T05:53:28Z
0949635f-3aeb-482b-8673-c9514f7ef217,ac995a0a-0be2-4bb2-aa78-5d3c26974df3,OL_SIN,10,online,RAJ-01,,1801.97,low,65,published,2025-06-14T02:52:28Z,2025-07-02T02:52:28Z
25877bf1-80e1-4662-aee8-08be8c67794e,c5b1bfe3-9cec-4a25-a07c-2165b4f6810d,AL_BIO,13,physical,CMB-03,9bd5b256-9152-4ef2-aae7-9bbbbb2be3f7,6938.48,high,70,published,2025-08-21T11:30:45Z,2025-08-30T11:30:45Z
f75c9e79-df66-4b35-b983-62722b34accf,d5021962-995f-4694-9148-9daa1f921ac8,AL_ECON,13,online,CMB-01,,4250.65,mid,92,draft,2025-09-12T04:00:32Z,
bc8c02e0-c247-404e-8b0e-902cc718ceec,6e2c8b16-7257-410a-a87c-e657d1a0d3a1,OL_TAM,11,online,HOM-01,,8890.94,high,26,published,2025-07-16T01:35:07Z,2025-08-03T01:35:07Z
2d576707-5285-4a93-b944-bfadd04df691,ff5d149d-be95-42b5-bcc9-681503503ebc,AL_CHEM,12,online,HOM-01,,8651.76,high,113,published,2025-05-13T11:30:21Z,2025-05-20T11:30:21Z
f0e2a09d-e03d-42ca-ab05-d1327fdab02f,3d8039a5-9bce-46d3-a2d3-190fef3ce369,AL_BIO,12,physical,CMB-11,1c98a772-7dff-44d2-b2c7-a93065ee9b84,3569.63,mid,62,published,2025-08-02T14:56:01Z,2025-08-20T14:56:01Z
67e38fd2-1c08-4470-a1b1-1f7421bd5ffb,40224c4f-2328-4e79-a214-742e8e4bf6ca,OL_ENG,11,online,CMB-01,,8990.10,high,37,draft,2025-05-08T23:06:45Z,
c150aa10-49b1-45e9-bab0-82d06dead91c,319c0c87-0653-489e-a34d-d3cc5d47085e,AL_ECON,13,physical,CMB-05,82b1a9b4-6b86-46dc-83f1-f3949e8d59bc,6992.83,high,83,published,2025-06-08T01:36:49Z,2025-06-20T01:36:49Z
bbf01a71-03ad-4304-911c-6febba4ce134,361a8d6d-6f7b-4e53-9511-ebdbad292d87,AL_ACC,13,online,KOT-01,,8700.92,high,63,published,2025-04-04T09:55:45Z,2025-04-20T09:55:45Z
59b3a818-c719-4236-bdd6-d1527ce24b8b,2a46a32e-6f4b-4ed1-b40b-1ff8c00a5c2d,OTHER_MUS,12,online,CMB-07,,10270.04,high,27,published,2025-04-04T23:33:36Z,2025-04-09T23:33:36Z
b2048343-67fa-4eb2-bcb0-257ea408af60,5e6d6f5e-93bd-43be-a2c1-6d55212ac34d,AL_ECON,12,physical,CMB-11,1c98a772-7dff-44d2-b2c7-a93065ee9b84,6014.83,high,92,published,2025-03-25T20:16:49Z,2025-04-24T20:16:49Z
1d188543-fa69-4530-b226-09b62b5a2f98,9dd99f42-3c94-44ff-8330-6c558f393549,OL_ICT,11,online,CMB-04,,6895.57,high,47,archived,2025-04-05T13:18:44Z,
a959d1a6-95d2-4f7a-8d5c-eed7687d7111,4e16cf8e-ac4a-454a-93fb-5bdc3e808b43,AL_ACC,12,online,MAL-01,,6740.27,high,110,draft,2025-05-06T19:52:16Z,
30c74aff-b000-4ec6-80f0-eddca994cfab,faf1f1d8-550e-44a7-99f2-d9feb44c250b,OL_MATH,11,physical,HOM-01,7f7e7d19-7f7e-479e-9bce-c30649b33f95,3075.72,mid,35,draft,2025-06-27T22:27:26Z,
cf52c233-8316-4feb-aa4a-a222ad9d2a93,8e847aaa-5f2d-4ca7-be39-eebcbfb7c9f6,OTHER_MUS,13,online,CMB-05,,9117.04,high,95,published,2025-04-06T14:59:53Z,2025-04-21T14:59:53Z
dfde5f93-fdc8-4fdf-96cf-3e5ea51b2dd2,36552e06-298b-4756-8fdf-f22749eda418,OL_TAM,11,online,CMB-03,,2650.99,mid,104,published,2025-07-27T21:49:54Z,2025-08-21T21:49:54Z
98a5a549-15eb-4dcb-b47a-f730e61a21cb,834d0784-03ea-4aab-8506-b5ffd89e622d,OL_ENG,10,physical,CMB-08,ff8c7690-16aa-4c81-a918-1d11a1bd693b,7218.15,high,82,published,2025-08-02T21:43:56Z,2025-08-03T21:43:56Z
78bd1e90-9c9e-4d9c-aca8-8016e2a57533,2c160983-844b-4235-ae98-0986470864b8,AL_MATH,13,physical,CMB-08,ff8c7690-16aa-4c81-a918-1d11a1bd693b,4382.73,mid,31,published,2025-07-01T09:17:48Z,2025-07-30T09:17:48Z
5c5066f4-258a-4994-8edf-0847d1b7ff3e,48ac07a9-ed25-4968-a328-9aed94c32307,AL_ECON,12,physical,CMB-11,1c98a772-7dff-44d2-b2c7-a93065ee9b84,8498.40,high,45,published,2025-08-11T11:06:31Z,2025-08-23T11:06:31Z
ce76a77e-4e49-46d2-bddb-26bd66826601,fb4db769-99eb-4cb7-a881-9cf6f92ef30b,OL_MATH,10,online,CMB-04,,2043.29,low,82,published,2025-09-02T21:42:24Z,2025-09-21T21:42:24Z
c8560bb0-c8c7-4738-b562-99fe06a30386,40224c4f-2328-4e79-a214-742e8e4bf6ca,OL_ENG,11,online,CMB-01,,9892.87,high,118,published,2025-03-20T07:14:23Z,2025-04-05T07:14:23Z
b9194591-5c14-4b09-bed7-238b88db2a15,e5247740-b90c-4a7f-bbfd-d7f79d45f3c1,OL_SCI,10,physical,CMB-04,18720cad-8e9a-4f46-913b-36873bdc4743,2389.89,low,93,published,2025-06-28T16:59:22Z,2025-07-21T16:59:22Z
47b209b4-5109-4450-87e6-aca607d47f04,b39a5694-131a-44d5-b962-29a9380edbd2,AL_PHY,12,online,MAH-01,,6147.89,high,69,published,2025-03-19T06:15:28Z,2025-04-14T06:15:28Z
f44f0c8c-cbd1-4810-af30-f63e321d188f,fb4db769-99eb-4cb7-a881-9cf6f92ef30b,OL_TAM,10,online,CMB-04,,2056.92,low,107,published,2025-05-21T04:44:49Z,2025-05-24T04:44:49Z
d3c9764f-6e21-41c6-b36a-6a8c57e30af4,017d8c3d-b9aa-4097-a257-529672d66cfb,AL_CHEM,12,physical,NUG-01,11909a0a-4c62-424a-8c48-46f1eeb09210,8402.45,high,83,published,2025-03-04T22:51:37Z,2025-03-05T22:51:37Z
43adbf0a-0824-4fb4-83a6-820d2e2f34e1,73786ab1-3a9d-45c0-a82a-2cbac08535b2,AL_ACC,12,online,DEH-01,,2464.88,low,50,published,2025-07-05T08:20:44Z,2025-07-10T08:20:44Z
681c2daa-7380-4416-8e3a-73ca87730f55,40224c4f-2328-4e79-a214-742e8e4bf6ca,AL_PHY,13,online,CMB-01,,9664.93,high,71,published,2025-04-22T21:58:49Z,2025-05-11T21:58:49Z
d60dd417-6c6d-4eea-acaf-2a6795f212c4,2a97c050-6ac9-4f58-86d4-f5f55be06f9c,AL_PHY,13,online,CMB-01,,7215.81,high,110,draft,2025-06-27T04:30:17Z,
f83e1817-6037-4ce0-aec9-07d43c7ff11b,4839ebcb-f74d-4dca-9003-7fb7721bb322,OL_SCI,11,online,CMB-05,,4811.39,mid,72,published,2025-05-11T11:45:40Z,2025-06-06T11:45:40Z
d1d0d1f3-e236-4260-a9b4-633d7a32a06a,b58e8abf-3cf9-4436-a7b4-09e81ad37216,AL_CHEM,12,online,CMB-05,,4725.58,mid,70,published,2025-08-20T07:42:14Z,2025-08-24T07:42:14Z
3fc4ba4a-a012-4769-94c9-bc19bc401679,ffc860bb-534a-4392-a7be-1bed6a3f3294,OL_MATH,10,physical,NUG-01,563d1ebf-b018-48d1-a923-c990b7f4f158,7370.18,high,88,published,2025-06-06T12:16:16Z,2025-07-06T12:16:16Z
9fe8612e-dad5-4219-b8e6-50ae9166560b,011d7c91-601c-490b-8746-3add2378fa9f,OL_SIN,11,online,CMB-07,,5866.32,high,92,published,2025-04-14T06:25:15Z,2025-04-26T06:25:15Z
61976089-8eac-4858-9fd0-cf619078e33d,361a8d6d-6f7b-4e53-9511-ebdbad292d87,AL_ACC,13,physical,KOT-01,cb5bd103-14ee-4079-95c6-dd4248b98def,9795.10,high,80,published,2025-04-11T03:54:39Z,2025-04-18T03:54:39Z
215c99b5-5451-476e-902a-27d498d9874f,02c43c58-5598-4505-a7f3-2e8c7101e10b,OTHER_ART,12,physical,RAJ-01,0e09e08f-7dec-479f-b6e3-da5ad78b048e,6950.99,high,98,published,2025-04-23T08:08:00Z,2025-05-07T08:08:00Z
a4b6077c-99b3-4543-bbaf-a9bc3212865f,0323d8e7-e904-40fe-84b8-e30efc74c984,AL_PHY,12,physical,KOT-01,b5f10718-03a1-4045-9050-054b619e1aae,4313.08,mid,92,published,2025-04-27T04:53:28Z,2025-05-07T04:53:28Z
639a58ab-5c3c-49a2-8423-f21222b8bdc0,c5b1bfe3-9cec-4a25-a07c-2165b4f6810d,AL_BIO,13,physical,CMB-03,ff8c7690-16aa-4c81-a918-1d11a1bd693b,5012.33,mid,68,published,2025-06-20T05:21:04Z,2025-07-06T05:21:04Z
da976321-d2bc-4ff0-9828-5315d25c4aa1,07906fe7-1c22-4d1a-9d78-34d4ea4e7646,AL_CHEM,12,online,CMB-10,,3411.30,mid,112,published,2025-08-16T23:34:03Z,2025-08-18T23:34:03Z
42cb81d9-5f34-43f0-accb-3b437a13b433,9f114cbc-44bf-4ced-99c3-df425436c674,AL_ECON,12,online,CMB-11,,3395.70,mid,60,published,2025-03-24T04:35:38Z,2025-04-06T04:35:38Z
cd912644-9a25-4849-8d1b-e06350211fc0,0ffa143e-9f93-40db-acaa-0a362559f4ab,OL_ICT,10,online,BAT-01,,4790.54,mid,41,published,2025-07-01T19:34:46Z,2025-07-12T19:34:46Z
b89052f5-c5d7-48d8-8d07-e27d9e5f0842,02c43c58-5598-4505-a7f3-2e8c7101e10b,OL_ICT,10,physical,RAJ-01,0e09e08f-7dec-479f-b6e3-da5ad78b048e,7340.03,high,92,published,2025-07-27T09:32:30Z,2025-08-20T09:32:30Z
1ab69024-591b-43f6-b286-fd7895f3a078,fd59a461-c7ea-432a-b390-4eb924268613,OTHER_ART,12,online,RAJ-01,,4891.23,mid,89,published,2025-08-30T22:09:31Z,2025-09-28T22:09:31Z
9f093465-54d8-4a2c-bd69-48b3a626bb35,7807e966-d47f-4f48-901c-19682c5a3725,AL_MATH,13,online,BAT-01,,2548.68,mid,98,published,2025-05-30T04:45:42Z,2025-06-20T04:45:42Z
4e793846-81a3-476d-bdf7-00b1e7ada941,dddd3067-ce68-4043-a1c0-52122dd8d8e6,AL_BIO,13,online,CMB-01,,8378.96,high,101,published,2025-04-27T08:52:28Z,2025-05-11T08:52:28Z
ed36ae2c-11fe-4d14-ab36-19b82d45e47a,d5021962-995f-4694-9148-9daa1f921ac8,OL_ENG,10,online,CMB-01,,3944.07,mid,101,published,2025-07-27T18:09:31Z,2025-08-04T18:09:31Z
922d3d83-c123-4d94-9832-46f69406abbb,981d4bf6-c443-419c-b973-1ba7890fcbae,OL_MATH,10,online,CMB-04,,3809.14,mid,58,published,2025-08-24T12:24:12Z,2025-09-06T12:24:12Z
38d80728-4bc0-44f8-87d2-3382d734d4de,e0707ea2-ada7-4654-acb4-5d43215bd3e1,AL_ACC,13,physical,CMB-03,ff8c7690-16aa-4c81-a918-1d11a1bd693b,6434.47,high,71,published,2025-08-08T03:00:39Z,2025-08-22T03:00:39Z
cb96cdda-9ad1-45d1-9ad1-72ab43d5f68b,b6ce1be5-2d64-4538-b43c-e48bc2853afe,AL_PHY,13,online,CMB-08,,3399.49,mid,63,published,2025-07-31T19:23:07Z,2025-08-04T19:23:07Z
18bfd89f-be5e-490b-b37c-7c5e5f40752a,3fca4634-7d90-4510-8856-b33dfed7b611,OL_SIN,10,online,RAJ-01,,7801.51,high,44,published,2025-07-18T00:47:53Z,2025-08-15T00:47:53Z
3c29356d-5182-484e-a69d-61735fe63356,f1223440-d568-46ad-b2ab-fd2b0199cca8,OL_ICT,11,online,CMB-08,,2033.90,low,47,published,2025-08-28T12:24:35Z,2025-08-31T12:24:35Z
8f3c9fdd-df13-4440-adbc-ae8d91959ac1,e0707ea2-ada7-4654-acb4-5d43215bd3e1,AL_ACC,13,online,CMB-03,,7924.57,high,99,published,2025-05-15T08:09:33Z,2025-05-21T08:09:33Z
4d477089-d332-4f76-b091-67e3cd902f01,432d43d6-459d-4c5f-9a9d-ca9290c7ff42,OL_ICT,11,online,KOT-01,,6383.72,high,76,published,2025-05-18T01:48:35Z,2025-05-30T01:48:35Z
779e0c73-e918-4bc3-86ea-f185d29bad04,fd59a461-c7ea-432a-b390-4eb924268613,AL_ECON,12,physical,RAJ-01,0e09e08f-7dec-479f-b6e3-da5ad78b048e,6188.41,high,93,draft,2025-05-14T17:14:46Z,
ad484f0a-5a90-412e-afbb-8fb827fc78b3,2700ee4d-9884-4741-8522-8416b149961f,OTHER_MUS,13,online,CMB-04,,2979.56,mid,114,published,2025-09-03T21:45:31Z,2025-09-13T21:45:31Z
738c14de-74f2-4659-8563-66e5abe2c3c5,fc171210-3afe-4233-a8ca-2fd5257047a7,AL_ACC,12,online,CMB-08,,7687.16,high,30,published,2025-03-19T09:13:00Z,2025-03-29T09:13:00Z
4c40d76c-44c0-4ab1-9923-97cc1765d09b,5df91105-c1d9-4906-be93-6fa46c52e201,AL_MATH,13,online,MTL-01,,4825.56,mid,39,archived,2025-06-26T08:12:35Z,
f7166803-df51-4762-bbf3-44a80c32692c,07906fe7-1c22-4d1a-9d78-34d4ea4e7646,AL_CHEM,13,online,CMB-10,,4060.83,mid,80,published,2025-05-05T22:40:33Z,2025-05-14T22:40:33Z
0234510d-73a1-4f80-8b26-3e155b6787f6,e7c87fc7-22cd-486a-be24-10f99a0e93bf,OL_ICT,10,online,CMB-06,,9475.14,high,39,published,2025-04-13T21:28:15Z,2025-04-30T21:28:15Z
2e25e642-c67d-48f3-bef4-9ee94df5aa0c,6e2c8b16-7257-410a-a87c-e657d1a0d3a1,OL_TAM,11,physical,HOM-01,b10bc8e3-21d1-4c63-bcc2-2cb7a9112dc7,8115.48,high,51,archived,2025-04-24T20:22:05Z,
a6a17ffe-3ccc-4e77-9643-b1fc20448ba0,8854704c-17d9-4461-9835-d95a940709cf,AL_ACC,12,physical,MTL-01,18720cad-8e9a-4f46-913b-36873bdc4743,1812.30,low,81,published,2025-03-06T15:30:42Z,2025-03-24T15:30:42Z
31762cb7-99a7-4020-8c11-8669e5291dad,edcbae1b-c1e4-498e-99e8-70a43a312405,AL_MATH,12,online,DEH-01,,3651.11,mid,22,archived,2025-07-10T10:14:33Z,
c04f3471-bc86-49da-ab8f-0e3ee298bed5,432d43d6-459d-4c5f-9a9d-ca9290c7ff42,OL_ICT,11,physical,KOT-01,632344e3-4144-4d87-9688-eb5e0101a75c,6841.34,high,106,published,2025-04-25T22:50:10Z,2025-04-28T22:50:10Z
da0b023e-6cdf-44c8-8569-373670a3a56a,67777126-3f91-4260-9daa-d1ce212da413,OL_MATH,11,physical,MAL-01,f2034b26-512e-43d1-92f8-9eaf2a02bec6,7112.95,high,83,published,2025-08-08T03:07:56Z,2025-08-13T03:07:56Z
d828ead4-6df9-463b-a41b-56e516c77ce0,84fac3af-885f-4fe4-820a-7f1c1fadf3bf,AL_ACC,12,online,CMB-11,,2748.52,mid,23,published,2025-05-02T16:58:41Z,2025-05-03T16:58:41Z
b72b835e-0a04-4f07-845d-9c89f26a66f7,fe83c5fe-91dc-48f4-9334-ce567299e235,OL_MATH,11,online,BAT-01,,7429.77,high,75,published,2025-06-12T20:32:48Z,2025-07-05T20:32:48Z
8b1755f0-d7b2-4d2f-bdaa-da890abc03bf,017d8c3d-b9aa-4097-a257-529672d66cfb,AL_CHEM,13,physical,NUG-01,632344e3-4144-4d87-9688-eb5e0101a75c,8850.36,high,99,published,2025-03-06T08:35:46Z,2025-03-15T08:35:46Z
a664b542-fbaf-4b4f-aae5-7d3a470df921,73786ab1-3a9d-45c0-a82a-2cbac08535b2,AL_ACC,13,physical,DEH-01,012123a5-2012-48e5-a99f-f4a94d5321e7,3219.79,mid,54,published,2025-07-07T05:52:11Z,2025-07-18T05:52:11Z
d412c54c-1b72-49c4-aeaf-0ba2b38d9b74,712eb715-f151-42b0-b511-8e9784c4cbc5,OL_ENG,11,online,BAT-01,,7936.16,high,36,draft,2025-06-08T11:42:07Z,
49fb68c6-f89d-45bb-8771-6adc8a48300e,d4ccfa46-2a36-428d-85b4-fb7f48a8c3dc,OL_TAM,11,online,DEH-01,,2838.48,mid,30,draft,2025-03-31T19:52:31Z,
5129f440-1b43-4735-8763-e1b72e805997,b5f2ee03-d29c-4511-bd97-e7f8c7de3e5f,OL_MATH,10,online,CMB-04,,5139.72,mid,36,draft,2025-04-09T11:18:01Z,
1dc16369-90fc-41c8-a2e6-8335839890c9,9f114cbc-44bf-4ced-99c3-df425436c674,OL_TAM,10,online,CMB-11,,3722.06,mid,39,published,2025-05-29T22:00:58Z,2025-06-22T22:00:58Z
fc09a37d-a730-42ff-a80e-939f22956245,7f7f20ef-559b-4d48-a055-f42d669237f2,OL_ENG,10,online,MAL-01,,8463.84,high,114,draft,2025-03-26T05:32:27Z,
ba23e01b-5a55-409f-bd7f-aadd8146a288,4e16cf8e-ac4a-454a-93fb-5bdc3e808b43,AL_ACC,13,online,MAL-01,,6514.32,high,33,published,2025-03-20T17:02:05Z,2025-04-11T17:02:05Z
00358593-717d-401e-b38f-3d396e9335dd,d45e08b1-97d5-487a-993f-54eeb612429b,AL_ECON,12,online,HOM-01,,6351.00,high,111,archived,2025-02-28T09:19:40Z,
9b6da85e-55a7-4fe8-ae81-0ac8500289ee,8c74329e-cddc-4941-aacc-2fb1f327b77f,OTHER_MUS,12,physical,NUG-01,11909a0a-4c62-424a-8c48-46f1eeb09210,7323.20,high,100,published,2025-08-30T18:34:42Z,2025-09-25T18:34:42Z
0c3d8150-a68c-488a-8ed7-a2e86cb08b74,67777126-3f91-4260-9daa-d1ce212da413,OL_MATH,10,physical,MAL-01,f2034b26-512e-43d1-92f8-9eaf2a02bec6,7352.72,high,84,published,2025-05-06T04:34:30Z,2025-05-12T04:34:30Z
c2106cab-6304-44ca-900e-605b9cd01397,a15c54fa-5444-4385-86a0-25860ababab1,AL_CHEM,12,physical,NUG-01,bfcc9b41-c15b-4691-9cb5-04d5dd78ade3,2247.91,low,44,published,2025-07-01T17:14:30Z,2025-07-25T17:14:30Z
d890562a-0aa2-4ae4-8303-136b069e4c1d,9907ee0a-0140-4e8f-805c-94e4be4ed80c,OL_MATH,11,online,CMB-11,,5363.19,mid,95,published,2025-08-06T00:16:20Z,2025-08-22T00:16:20Z
dd149192-6554-42ff-b1cd-e0ddd746a3f3,b866fca3-113d-4d87-a5db-d05c7aefed89,OTHER_MUS,13,physical,HOM-01,b10bc8e3-21d1-4c63-bcc2-2cb7a9112dc7,5334.39,mid,87,published,2025-06-04T15:14:35Z,2025-06-13T15:14:35Z
bd2f48d4-988a-48ee-a1a0-70aca45a60ec,981d4bf6-c443-419c-b973-1ba7890fcbae,AL_ECON,12,online,CMB-04,,3285.08,mid,64,draft,2025-03-22T08:31:54Z,
0f64f550-5b2e-4554-937d-1372fe402044,8c74329e-cddc-4941-aacc-2fb1f327b77f,OTHER_MUS,13,physical,NUG-01,b5f10718-03a1-4045-9050-054b619e1aae,8121.92,high,60,published,2025-07-17T06:45:41Z,2025-08-08T06:45:41Z
5651bb42-7207-495c-b001-00685a39e38a,c1d0a447-7b70-4253-9820-a4cc500a3b7e,AL_PHY,13,online,MAL-01,,7023.69,high,60,published,2025-09-01T11:37:59Z,2025-09-12T11:37:59Z
d0b7caff-747c-42e2-81a1-50e1ab1f63cb,8948274c-f863-4e05-a678-908e6ffe41cb,OL_ICT,11,online,MAL-01,,5079.78,mid,115,published,2025-05-04T03:11:40Z,2025-05-05T03:11:40Z
deb9df91-a028-432d-b107-c917b13d4116,7c2c4ad2-4295-4528-8a54-f782b998dc9a,OL_TAM,11,online,CMB-04,,5918.99,high,71,published,2025-08-26T05:58:42Z,2025-09-09T05:58:42Z
c9bb3789-294b-433a-9b45-6ee4e3283838,4e16cf8e-ac4a-454a-93fb-5bdc3e808b43,AL_ACC,13,online,MAL-01,,5727.89,high,23,draft,2025-06-29T21:36:10Z,
cf371130-927d-474c-9728-d0d3f7f3ce18,73786ab1-3a9d-45c0-a82a-2cbac08535b2,AL_ACC,13,physical,DEH-01,b5f10718-03a1-4045-9050-054b619e1aae,3324.83,mid,104,draft,2025-04-26T13:18:29Z,
1595ae21-eeea-4c74-939b-9ea376d85170,2b90f44d-05ec-4eda-bcf9-f58051ac2b9f,OL_MATH,10,physical,KOT-01,17d21e48-8a39-4b83-b1fe-b5ed51c73849,5961.81,high,54,published,2025-03-07T07:36:15Z,2025-03-22T07:36:15Z
5136e456-44cb-4e20-bf43-f9aa9b4463f2,afe0d023-14b8-4df0-805c-645222046ec9,AL_ECON,13,online,CMB-06,,7425.57,high,55,published,2025-09-03T20:21:30Z,2025-09-22T20:21:30Z
0649a553-8791-441b-ac6e-76111668960f,8948274c-f863-4e05-a678-908e6ffe41cb,OL_ICT,11,online,MAL-01,,6335.83,high,40,published,2025-03-22T02:31:59Z,2025-04-02T02:31:59Z
71403d51-92d2-4d42-935a-c5a2fbe2533b,092b46e6-3c54-4d2c-a45d-4cc6e70e115d,OL_ICT,11,online,KOT-01,,2723.09,mid,97,published,2025-05-29T05:18:18Z,2025-06-14T05:18:18Z
2a007006-3d3e-4969-bc49-d51ecc880f1e,177feb0e-4049-4953-96a3-3e7d8dafc217,OL_ENG,11,online,CMB-10,,3331.36,mid,59,published,2025-07-08T09:19:29Z,2025-07-28T09:19:29Z
ed235d88-9ec5-46df-8bd2-5a9dda77bfe1,de823553-5fa4-4a99-b034-847cc525c8ea,AL_ACC,12,online,CMB-01,,4339.77,mid,87,published,2025-07-21T21:26:37Z,2025-08-15T21:26:37Z
65f75f54-f5f4-4755-b739-c138526a4797,77ef85d6-c58c-49d7-984a-a791bf79ce2c,AL_ECON,13,online,CMB-05,,2125.30,low,77,published,2025-06-02T11:26:09Z,2025-06-08T11:26:09Z
5963ebea-3ba9-4b47-aeb8-17f1505bcebc,8e0c90e2-f720-4f32-bed4-1697e02839a0,AL_ECON,13,online,CMB-08,,3160.72,mid,80,draft,2025-07-09T05:36:51Z,
49eae86d-41f9-46ec-9083-9e01f20425aa,a88fb5bf-4a2f-43fc-97f3-1c6e5107fd8a,OL_TAM,10,online,MAL-01,,2893.40,mid,61,draft,2025-05-26T19:16:38Z,
51adf5e2-6fcd-435d-93d5-b9754cbc9756,2b90f44d-05ec-4eda-bcf9-f58051ac2b9f,OL_MATH,10,physical,KOT-01,563d1ebf-b018-48d1-a923-c990b7f4f158,6877.82,high,60,published,2025-04-05T00:25:14Z,2025-04-17T00:25:14Z
d29a3079-d613-435b-9df2-3b5d8b48cd68,dcee4380-235a-44d7-88a1-23f7937ab3aa,OL_ICT,10,online,DEH-01,,6805.79,high,79,published,2025-06-10T04:53:37Z,2025-06-12T04:53:37Z
deb52ae7-8d62-4e86-9efe-d6bff6fc80cc,b6ce1be5-2d64-4538-b43c-e48bc2853afe,AL_PHY,12,online,CMB-08,,3810.12,mid,55,published,2025-07-18T04:13:26Z,2025-08-14T04:13:26Z
35bc01da-c068-44e1-bad8-17e544121f26,f4bf1f9f-9d31-494a-8dbf-4fff53d62fcc,AL_ECON,12,online,CMB-08,,4746.82,mid,20,published,2025-09-02T07:14:48Z,2025-09-19T07:14:48Z
7f0866c2-10de-4df4-a528-7f2c2b1f8f7d,dcee4380-235a-44d7-88a1-23f7937ab3aa,OL_ICT,11,online,DEH-01,,6696.73,high,60,published,2025-05-15T14:12:16Z,2025-06-10T14:12:16Z
2dacd7c0-89e0-424a-b91e-ab2835a78bd9,66ee8817-f69b-449d-ad24-efc7a3043a08,AL_PHY,12,online,MTL-01,,3199.33,mid,27,published,2025-05-13T14:31:37Z,2025-05-29T14:31:37Z
e6cd3c9d-074b-4b31-b783-31c6203922bc,faf1f1d8-550e-44a7-99f2-d9feb44c250b,OL_MATH,10,online,HOM-01,,2581.04,mid,21,published,2025-05-17T05:10:51Z,2025-05-21T05:10:51Z
5c84c10c-338d-420e-93e7-4f4a9ac31f1d,64bcfd89-5623-48ea-b442-55f08ab450d3,OL_ENG,10,online,BAT-01,,8033.40,high,30,published,2025-04-25T05:23:41Z,2025-05-09T05:23:41Z
9e241355-36e1-408f-90ed-1abe85d4d6bf,73786ab1-3a9d-45c0-a82a-2cbac08535b2,AL_ACC,13,online,DEH-01,,2577.49,mid,55,published,2025-05-14T16:58:31Z,2025-06-05T16:58:31Z
83843a68-776a-4841-9bae-f6e411b36c15,c1d0a447-7b70-4253-9820-a4cc500a3b7e,AL_PHY,13,online,MAL-01,,5692.52,high,36,published,2025-03-05T11:34:09Z,2025-03-08T11:34:09Z
46fe9d8a-ed12-4891-bf37-f40cedfd1f6d,5db5011a-4529-4103-a07f-696097e0d164,OL_SCI,11,online,CMB-05,,5525.71,high,60,draft,2025-07-22T13:02:59Z,
e36242d5-1a02-4717-8d75-0060c3703415,c12eb687-f876-4db6-be69-2ba79d5e3711,OL_SIN,11,online,MAL-01,,4840.28,mid,61,published,2025-03-12T07:24:21Z,2025-04-01T07:24:21Z
c63e8370-5be4-41df-93ca-85afbd522036,b0559ea1-e85f-4bdb-9146-6e651c38ca3b,AL_MATH,12,online,CMB-10,,4118.26,mid,111,published,2025-09-07T18:53:14Z,2025-09-09T18:53:14Z
0b468527-ef84-45ce-960c-7b84d335ba56,4b5da2b7-5f22-4529-9fad-05a5b02e6a54,OL_ENG,10,physical,CMB-10,56e63abe-71d6-4de0-833d-147f96d8a86d,9225.84,high,50,published,2025-07-16T19:55:22Z,2025-07-27T19:55:22Z
9f888c4f-f38a-4728-8b6b-af9dfd81c053,432d43d6-459d-4c5f-9a9d-ca9290c7ff42,OL_ICT,11,physical,KOT-01,11909a0a-4c62-424a-8c48-46f1eeb09210,6528.14,high,89,published,2025-08-07T14:12:58Z,2025-08-27T14:12:58Z
cd6138cb-b656-4497-b898-17f2a0214a81,011d7c91-601c-490b-8746-3add2378fa9f,AL_PHY,12,online,CMB-07,,7092.16,high,77,published,2025-06-08T03:56:08Z,2025-06-15T03:56:08Z
062526ae-20af-4ced-b0da-205cf9291ff1,fe83c5fe-91dc-48f4-9334-ce567299e235,OL_SIN,10,online,BAT-01,,6807.06,high,109,published,2025-03-15T08:40:27Z,2025-03-16T08:40:27Z
e6c911c3-15df-4586-b064-c304fca09651,584e8113-dc03-45e7-a29f-f1ff2a1e42e8,AL_ACC,12,online,RAJ-01,,6297.73,high,60,published,2025-07-30T14:43:51Z,2025-07-30T14:43:51Z
21b390c8-03da-4186-af77-c82981f44201,40b4fa09-c43e-46cb-9bf9-f6d7cb91b476,OL_ICT,11,online,CMB-11,,5942.05,high,111,published,2025-03-25T06:58:23Z,2025-03-26T06:58:23Z
326621de-16eb-44cb-969f-d25dcfdcb47c,361a8d6d-6f7b-4e53-9511-ebdbad292d87,AL_ACC,12,physical,KOT-01,563d1ebf-b018-48d1-a923-c990b7f4f158,6812.09,high,109,published,2025-07-19T20:38:11Z,2025-08-04T20:38:11Z
cce82ea7-0316-46df-920d-793bad5997d5,19109da6-c342-4bbb-b532-bd742e1038f7,OL_SIN,10,online,BAT-01,,6458.22,high,20,draft,2025-06-16T04:31:25Z,
6e9d8302-a39b-4eae-9556-6663a93c99fe,2f48084b-0ab2-4bbd-8676-25410d30463b,OL_ICT,11,online,CMB-08,,4378.24,mid,45,draft,2025-06-06T10:12:43Z,
b59ff3cc-a820-4e78-9896-c7c41250a083,73bc15f8-8c5e-425e-9c52-f39fb776cca5,AL_ECON,13,online,CMB-10,,5777.85,high,103,published,2025-03-10T02:07:27Z,2025-03-24T02:07:27Z
2e64c741-21a8-499c-b3be-47bed7e6a881,5e3975ae-45ac-48d7-8113-1f5283c6b943,OL_SIN,10,physical,CMB-04,1c98a772-7dff-44d2-b2c7-a93065ee9b84,7919.74,high,33,published,2025-05-17T17:42:00Z,2025-05-23T17:42:00Z
55c84fcf-a3c5-4865-931c-e6a2f190febe,fd59a461-c7ea-432a-b390-4eb924268613,AL_ECON,13,online,RAJ-01,,6258.97,high,95,draft,2025-07-17T01:42:53Z,
815ca4ee-dc33-4fab-84f9-96e3501621f9,f1223440-d568-46ad-b2ab-fd2b0199cca8,AL_BIO,12,online,CMB-08,,1979.68,low,52,published,2025-03-08T03:28:28Z,2025-03-17T03:28:28Z
59248e33-e02d-4ede-b261-29ca836fac73,a7cd8580-235a-4c4b-a5d9-787702c5c7fa,OL_SCI,10,online,MTL-01,,3068.48,mid,112,published,2025-07-04T00:43:51Z,2025-07-18T00:43:51Z
3d941327-6b42-4d05-88d7-9a41298402f3,afe0d023-14b8-4df0-805c-645222046ec9,AL_CHEM,12,online,CMB-06,,6531.67,high,96,published,2025-06-03T09:53:08Z,2025-06-05T09:53:08Z
155bdf29-577b-4bb4-8dc1-ca7453ede4d8,092b46e6-3c54-4d2c-a45d-4cc6e70e115d,OL_ICT,10,online,KOT-01,,2643.18,mid,21,draft,2025-02-26T21:36:51Z,
d3b02d9b-39ff-4492-bd8d-dcc646eeac60,e7c87fc7-22cd-486a-be24-10f99a0e93bf,OL_ICT,11,online,CMB-06,,8957.69,high,40,published,2025-07-19T19:59:53Z,2025-07-25T19:59:53Z
91f24408-5996-4a26-aed5-ae3a1fc89228,66ee8817-f69b-449d-ad24-efc7a3043a08,OL_SIN,11,online,MTL-01,,2923.44,mid,73,published,2025-06-22T10:08:47Z,2025-07-16T10:08:47Z
070a81a3-b524-4599-a742-43183522cbb1,0f6fc8e9-a72e-48b0-90c6-262b2e8438d5,AL_PHY,13,online,DEH-01,,4015.42,mid,78,draft,2025-05-17T09:09:03Z,
91ce002e-1ea6-4ccc-97d1-5f446e648933,ff5d149d-be95-42b5-bcc9-681503503ebc,OL_ENG,10,online,HOM-01,,9742.72,high,80,published,2025-04-11T14:54:38Z,2025-04-13T14:54:38Z
a795170b-bf03-42b3-94c6-d9181abff183,147ae18d-8712-48f4-bf26-33e2d739e592,AL_ACC,13,physical,CMB-08,ff8c7690-16aa-4c81-a918-1d11a1bd693b,3972.37,mid,108,published,2025-03-24T04:50:24Z,2025-04-05T04:50:24Z
4a167a72-59e0-41a0-8f24-5401d853cc8f,df7fb23d-0651-4143-9051-b0de42f80e3d,OTHER_ART,12,physical,MAL-01,f2034b26-512e-43d1-92f8-9eaf2a02bec6,4848.81,mid,21,published,2025-03-15T23:56:59Z,2025-04-05T23:56:59Z
0f8b3350-7183-498b-ae99-c4a743c1f7f4,07906fe7-1c22-4d1a-9d78-34d4ea4e7646,AL_CHEM,13,online,CMB-10,,3235.60,mid,54,published,2025-06-12T12:23:58Z,2025-07-12T12:23:58Z
50d22cd3-8af3-4a60-8d69-f467319cddfa,66ee8817-f69b-449d-ad24-efc7a3043a08,OL_MATH,11,online,MTL-01,,3846.25,mid,103,published,2025-08-14T23:13:50Z,2025-08-31T23:13:50Z
a75379bb-ac68-490c-a1d1-5690faf7b70d,dddd3067-ce68-4043-a1c0-52122dd8d8e6,AL_BIO,12,online,CMB-01,,6579.73,high,31,published,2025-08-23T02:09:13Z,2025-09-18T02:09:13Z
d76f6ba9-10b9-4b94-8980-270db9ab03e4,97da5916-30ed-4e39-9c4b-1a64769ce5f1,OL_SIN,11,online,MAL-01,,3742.13,mid,90,published,2025-07-01T10:46:16Z,2025-07-24T10:46:16Z
7df143d4-263b-4141-bb58-fd99fa0f7084,ac995a0a-0be2-4bb2-aa78-5d3c26974df3,OL_SIN,10,online,RAJ-01,,2204.17,low,67,published,2025-07-11T19:52:28Z,2025-08-04T19:52:28Z
5bf529ce-46db-42e3-a24d-25bcbc24aa70,8e847aaa-5f2d-4ca7-be39-eebcbfb7c9f6,OTHER_MUS,13,online,CMB-05,,9094.28,high,72,published,2025-08-13T13:22:01Z,2025-08-15T13:22:01Z
a91ced81-2c4c-4e07-9a9e-20494fd4da3b,5e3975ae-45ac-48d7-8113-1f5283c6b943,OL_SIN,10,physical,CMB-04,8902912e-df63-4d74-ab99-93c0d8bfb510,8694.50,high,77,draft,2025-05-01T16:41:25Z,
64ea311f-0514-4bf0-babf-33780c6cfb86,e5247740-b90c-4a7f-bbfd-d7f79d45f3c1,OL_ICT,10,online,CMB-04,,2224.36,low,115,published,2025-04-22T01:57:30Z,2025-05-18T01:57:30Z
d9d4750b-cbc5-4b66-abe1-e0a0f95c78a6,4839ebcb-f74d-4dca-9003-7fb7721bb322,OL_SCI,10,online,CMB-05,,5650.33,high,84,published,2025-04-08T05:09:16Z,2025-04-26T05:09:16Z
915135fb-8081-4242-8192-e115f2b2789c,182ce420-ceef-4feb-a8e6-e2d1ab23bc6d,OTHER_ART,12,online,MTL-01,,3615.16,mid,107,published,2025-07-06T23:01:03Z,2025-07-21T23:01:03Z
31b868cf-d86e-4493-8a23-7d76399f3ccb,450f4f26-1e64-4356-bb83-0dd586e77c73,AL_MATH,13,online,MAH-01,,4551.40,mid,70,published,2025-07-29T10:41:04Z,2025-08-05T10:41:04Z
eb6304fd-75b2-498c-93af-ff3373498644,a88fb5bf-4a2f-43fc-97f3-1c6e5107fd8a,OL_TAM,11,online,MAL-01,,2696.90,mid,33,published,2025-08-22T01:53:18Z,2025-08-26T01:53:18Z
855b951a-5602-42e1-a769-d68fac9b281e,66ee8817-f69b-449d-ad24-efc7a3043a08,AL_PHY,12,online,MTL-01,,3950.35,mid,84,draft,2025-09-07T05:09:05Z,
12cab936-7a58-4f8e-9e9b-3da4adabcf21,58622af7-55b0-47a5-b9f2-8286b7820528,AL_PHY,13,physical,CMB-06,17d21e48-8a39-4b83-b1fe-b5ed51c73849,7030.57,high,46,published,2025-04-05T09:47:02Z,2025-05-05T09:47:02Z
fadd23b1-6fe5-46cc-afd9-98899c376858,66ee8817-f69b-449d-ad24-efc7a3043a08,OL_MATH,10,online,MTL-01,,2866.88,mid,35,published,2025-03-26T14:25:37Z,2025-03-28T14:25:37Z
7264d2bc-d5b7-48db-9a61-a0623abdff08,c5b1bfe3-9cec-4a25-a07c-2165b4f6810d,AL_CHEM,12,physical,CMB-03,8902912e-df63-4d74-ab99-93c0d8bfb510,6327.46,high,21,published,2025-06-23T11:44:12Z,2025-07-03T11:44:12Z
fe5d6a93-60a2-4ee5-80b3-6717b960accd,40224c4f-2328-4e79-a214-742e8e4bf6ca,OL_ENG,10,online,CMB-01,,7792.11,high,99,published,2025-08-31T16:54:18Z,2025-09-20T16:54:18Z
4d1e1315-742f-45f6-8fae-cdfe1b218758,2b90f44d-05ec-4eda-bcf9-f58051ac2b9f,OL_MATH,11,online,KOT-01,,6022.49,high,64,published,2025-08-29T19:46:27Z,2025-09-25T19:46:27Z
0d17aa13-5235-47c8-9d13-53c6c6b6bcd3,870776b4-560a-4893-b7ba-df67a3d424ef,AL_MATH,13,online,MAL-01,,8041.16,high,99,draft,2025-09-05T07:31:54Z,
e8ebf8e6-dc1c-4de3-a1aa-de9db7c2fa13,43520f28-6ff9-4738-8627-742e100f9c7c,OL_ICT,10,online,HOM-01,,6674.07,high,31,published,2025-04-03T15:28:59Z,2025-04-05T15:28:59Z
cefe2eb2-85dc-44e3-b2b3-d24ba581e630,9f114cbc-44bf-4ced-99c3-df425436c674,OL_TAM,11,online,CMB-11,,3731.23,mid,63,published,2025-08-28T03:31:40Z,2025-08-29T03:31:40Z
8b85fd91-eaff-4ac5-beac-770f4ffdb497,b6496831-7b0d-4c72-a3a6-8d945375cb21,AL_BIO,13,online,MAH-01,,5990.77,high,72,published,2025-04-17T18:09:10Z,2025-05-05T18:09:10Z
f8de95cc-4d41-448f-9b57-056f7a632d3d,64cdd7d8-4433-43d3-9bdc-bda2afa9cda4,OL_SCI,10,online,CMB-10,,1744.81,low,79,published,2025-07-27T15:36:28Z,2025-08-21T15:36:28Z
8f7ed006-b685-466b-b019-aa48696e00d5,d5021962-995f-4694-9148-9daa1f921ac8,AL_ECON,12,online,CMB-01,,4123.28,mid,35,published,2025-09-05T14:54:01Z,2025-09-10T14:54:01Z
c18a2d18-20ab-485e-932d-fcf057746199,b6ce1be5-2d64-4538-b43c-e48bc2853afe,AL_PHY,12,online,CMB-08,,2868.68,mid,96,published,2025-04-10T11:46:00Z,2025-05-01T11:46:00Z
a1cca7b5-596c-47ed-ae13-f7be1e076209,4e16cf8e-ac4a-454a-93fb-5bdc3e808b43,AL_ACC,12,online,MAL-01,,5862.09,high,51,published,2025-05-06T11:51:06Z,2025-05-30T11:51:06Z
f20ff36e-e92f-4c50-b37d-0d82f14339c1,df7fb23d-0651-4143-9051-b0de42f80e3d,OTHER_ART,13,physical,MAL-01,f2034b26-512e-43d1-92f8-9eaf2a02bec6,5674.07,high,94,draft,2025-05-26T17:28:02Z,
ddc56d2f-6da6-48b5-afd4-3ebf5e8b351a,8854704c-17d9-4461-9835-d95a940709cf,AL_ACC,12,physical,MTL-01,4a59d064-13a0-4252-9b8e-206ca7f53fb3,1990.38,low,97,published,2025-08-16T00:53:18Z,2025-08-31T00:53:18Z
dddf82da-b588-4e9e-9f9c-00fc834b6698,84fac3af-885f-4fe4-820a-7f1c1fadf3bf,AL_ACC,12,online,CMB-11,,2676.80,mid,67,published,2025-04-09T04:34:32Z,2025-04-22T04:34:32Z
37dc6fbf-a08f-484d-bd4f-a4e2c627f1da,5811ffe0-2d91-4a6a-9c56-c8bc609f6395,OTHER_ART,13,physical,CMB-11,1c98a772-7dff-44d2-b2c7-a93065ee9b84,4431.84,mid,31,published,2025-07-15T18:59:46Z,2025-07-30T18:59:46Z
843f82cf-50b2-4c1d-80d2-430ea693c6bf,3c64a710-eae8-444c-995f-861e3ed4e74d,OL_MATH,10,online,CMB-06,,6977.41,high,40,published,2025-05-10T10:32:29Z,2025-05-31T10:32:29Z
eac10a3c-8a79-4beb-a44f-be65465166c3,67777126-3f91-4260-9daa-d1ce212da413,OL_MATH,11,physical,MAL-01,f2034b26-512e-43d1-92f8-9eaf2a02bec6,6326.77,high,104,published,2025-08-06T09:20:55Z,2025-08-09T09:20:55Z
0fec4943-d7d8-4da5-bbc7-1987da138111,a0a119ab-407c-4289-91c8-bea00ac06305,AL_ECON,12,physical,HOM-01,b10bc8e3-21d1-4c63-bcc2-2cb7a9112dc7,7387.01,high,109,published,2025-07-21T07:29:55Z,2025-07-22T07:29:55Z
af58fdf2-f844-44ef-b3a6-16e2de407d53,40b4fa09-c43e-46cb-9bf9-f6d7cb91b476,AL_PHY,12,online,CMB-11,,7251.60,high,54,published,2025-03-02T08:05:01Z,2025-03-11T08:05:01Z
dc20f29a-8c69-411e-be40-8050527e47f3,d45e08b1-97d5-487a-993f-54eeb612429b,AL_ECON,12,online,HOM-01,,8111.16,high,47,published,2025-08-30T06:36:20Z,2025-09-14T06:36:20Z
138ab862-4bc8-4a40-a2cf-34f5c0956ac6,16bd759a-9636-4cca-9e48-f634c5f43c3a,OL_ENG,10,physical,DEH-01,012123a5-2012-48e5-a99f-f4a94d5321e7,2547.55,mid,36,draft,2025-04-24T08:46:35Z,
5583d72a-850b-4e4a-94ce-b7280b37de0f,4b5da2b7-5f22-4529-9fad-05a5b02e6a54,OL_ENG,10,online,CMB-10,,7221.52,high,116,published,2025-07-17T09:01:26Z,2025-08-16T09:01:26Z
cd658583-2b31-45fa-9c3d-fe18d6565f7f,ffc860bb-534a-4392-a7be-1bed6a3f3294,OL_MATH,11,physical,NUG-01,3ea2ef9f-9681-45cc-8592-7986b7a4a17f,7295.12,high,61,draft,2025-03-09T15:23:04Z,
36369670-5620-47f3-b59b-cf564b734c2c,36552e06-298b-4756-8fdf-f22749eda418,OL_TAM,11,online,CMB-03,,2245.18,low,48,published,2025-04-17T08:17:36Z,2025-05-02T08:17:36Z
db2503a9-c5de-46f1-8c06-bd368e83d16a,40b4fa09-c43e-46cb-9bf9-f6d7cb91b476,OL_ICT,10,online,CMB-11,,6511.37,high,86,published,2025-03-28T01:05:34Z,2025-04-10T01:05:34Z
d5ca4877-2860-41db-84d2-71773e992025,3d8039a5-9bce-46d3-a2d3-190fef3ce369,AL_BIO,13,physical,CMB-11,1c98a772-7dff-44d2-b2c7-a93065ee9b84,3540.64,mid,119,published,2025-03-14T09:52:23Z,2025-03-25T09:52:23Z
7fa10615-bc9d-4ca0-b9ab-5b681041eff1,16971955-f93a-4bbf-9176-d58e31ceb82b,OL_SIN,11,physical,CMB-05,82b1a9b4-6b86-46dc-83f1-f3949e8d59bc,5947.60,high,88,published,2025-06-26T13:36:58Z,2025-07-23T13:36:58Z
b99b9631-6b9d-48e4-b2d6-aa1ef8d4d970,97da5916-30ed-4e39-9c4b-1a64769ce5f1,OL_SIN,11,online,MAL-01,,4410.58,mid,95,published,2025-04-21T04:57:00Z,2025-05-06T04:57:00Z
fa579cd1-1e7d-4cc3-9643-c390d2b79490,432d43d6-459d-4c5f-9a9d-ca9290c7ff42,OL_ICT,11,online,KOT-01,,6624.03,high,98,published,2025-06-04T14:32:31Z,2025-06-24T14:32:31Z
2b138327-3c83-473b-ad9c-784cbdde02d0,2f48084b-0ab2-4bbd-8676-25410d30463b,OL_ICT,11,online,CMB-08,,5167.77,mid,49,published,2025-07-02T18:57:23Z,2025-07-31T18:57:23Z
ea2350a5-815b-46a6-850a-5195c837da79,fe83c5fe-91dc-48f4-9334-ce567299e235,OL_MATH,10,online,BAT-01,,7682.24,high,59,published,2025-07-06T23:56:16Z,2025-07-22T23:56:16Z
f601b9d6-5693-4bf6-af4b-cca5bf013a49,ca4d7fa2-1612-4817-ac7b-3460cdef14a5,OL_MATH,11,online,CMB-10,,2625.38,mid,44,draft,2025-04-21T23:41:16Z,
1d5624ab-f167-4d13-884e-8ada94f3914e,64bcfd89-5623-48ea-b442-55f08ab450d3,OL_ENG,11,online,BAT-01,,7474.78,high,46,draft,2025-05-05T05:52:35Z,
f60585ba-5e59-443e-be02-1fd32022f9f5,ff5d149d-be95-42b5-bcc9-681503503ebc,OL_ENG,11,online,HOM-01,,8990.46,high,46,published,2025-07-07T22:03:41Z,2025-07-12T22:03:41Z
54cb7761-2cd3-4049-9ef0-12bd6842f632,8948274c-f863-4e05-a678-908e6ffe41cb,OL_ICT,10,online,MAL-01,,5234.65,mid,111,published,2025-08-24T04:27:15Z,2025-09-10T04:27:15Z
891c5888-5ec4-4804-b16b-ff571520a66f,81bf7b5d-3860-4aaf-aa6b-60353621e276,AL_BIO,13,online,BAT-01,,6918.01,high,68,draft,2025-07-29T13:18:21Z,
db7a3946-a00f-438f-b68f-df54cf6f6be0,5e6d6f5e-93bd-43be-a2c1-6d55212ac34d,AL_ECON,12,online,CMB-11,,6614.70,high,83,published,2025-06-14T12:12:26Z,2025-06-30T12:12:26Z
c09ab6d3-7654-4105-abb1-3f20f4951e70,fd59a461-c7ea-432a-b390-4eb924268613,AL_BIO,12,physical,RAJ-01,cb5bd103-14ee-4079-95c6-dd4248b98def,6160.31,high,82,published,2025-08-30T21:35:55Z,2025-09-12T21:35:55Z
96432522-9b26-46b1-aa71-ab0112bab375,40224c4f-2328-4e79-a214-742e8e4bf6ca,OL_ENG,10,online,CMB-01,,7291.54,high,35,published,2025-03-20T01:31:21Z,2025-03-21T01:31:21Z
4b5d2812-77fd-41f5-b8e3-1d846ac9db1b,4b5da2b7-5f22-4529-9fad-05a5b02e6a54,OL_ENG,10,online,CMB-10,,7283.25,high,120,published,2025-08-10T06:37:52Z,2025-08-16T06:37:52Z
b7ff2a55-bcdd-45bd-8f43-085fe02eb7c4,e5247740-b90c-4a7f-bbfd-d7f79d45f3c1,OL_SCI,10,physical,CMB-04,1479ca35-00e6-4c42-800a-75c2646bb5ec,2367.34,low,56,published,2025-05-27T09:49:58Z,2025-06-03T09:49:58Z
e74c96ef-8868-48ac-8f5d-3337471ced22,5e3975ae-45ac-48d7-8113-1f5283c6b943,OL_SIN,11,online,CMB-04,,7211.83,high,90,published,2025-05-23T06:53:03Z,2025-05-28T06:53:03Z
c3973842-1df1-4b35-93b6-2f63d12513ed,870776b4-560a-4893-b7ba-df67a3d424ef,AL_MATH,12,online,MAL-01,,8768.72,high,31,published,2025-06-11T15:35:01Z,2025-07-06T15:35:01Z
1018d6fe-0ad6-4149-9ba1-1a99aa12fe8b,b58e8abf-3cf9-4436-a7b4-09e81ad37216,AL_MATH,12,online,CMB-05,,4100.75,mid,72,published,2025-08-24T08:26:16Z,2025-09-12T08:26:16Z
c87b300b-93de-448d-95c6-d79e0ca89b97,19109da6-c342-4bbb-b532-bd742e1038f7,OL_TAM,10,online,BAT-01,,6800.23,high,20,published,2025-06-26T16:54:01Z,2025-07-09T16:54:01Z
bbd81f1d-362c-4d6b-b9a8-667669e71706,14ca1f44-2c3c-4734-9682-e44819dae09a,OL_ICT,11,physical,CMB-11,1c98a772-7dff-44d2-b2c7-a93065ee9b84,7890.64,high,72,published,2025-08-17T18:10:53Z,2025-08-21T18:10:53Z
0d227410-a080-4b23-b749-38ea75cc3d68,870776b4-560a-4893-b7ba-df67a3d424ef,AL_MATH,12,online,MAL-01,,7638.02,high,54,published,2025-09-05T18:49:21Z,2025-09-18T18:49:21Z
9c906d0a-a69b-4d7b-91dd-ad911d02bbc6,48ac07a9-ed25-4968-a328-9aed94c32307,AL_ECON,13,physical,CMB-11,1c98a772-7dff-44d2-b2c7-a93065ee9b84,9727.89,high,97,published,2025-04-24T00:30:36Z,2025-05-16T00:30:36Z
a21026fc-66ae-4f2a-b9ab-7b02fd270962,f010eed1-e3ed-4dc4-967b-bbf5ad2650b2,OL_ENG,10,online,CMB-04,,5129.48,mid,46,published,2025-07-14T02:11:55Z,2025-07-26T02:11:55Z
3dbc05e6-f9fe-4129-bfa2-2309d019991f,46f7959f-7f4c-46fd-9764-a7b45f5dd7ab,AL_CHEM,13,online,CMB-03,,2870.30,mid,80,archived,2025-06-01T16:27:00Z,
a7295d8d-b550-4a50-b6b9-116d85fb8932,07906fe7-1c22-4d1a-9d78-34d4ea4e7646,AL_CHEM,12,physical,CMB-10,56e63abe-71d6-4de0-833d-147f96d8a86d,3442.48,mid,22,published,2025-08-18T20:16:46Z,2025-09-16T20:16:46Z
07dbe5eb-3fb7-454c-9149-0c26f8a91e0c,9fdf7a9f-0f24-4e60-b2eb-27f61255fce6,OTHER_MUS,13,physical,CMB-11,1c98a772-7dff-44d2-b2c7-a93065ee9b84,4798.42,mid,53,published,2025-05-03T08:26:52Z,2025-05-10T08:26:52Z
6346e76f-6ca0-47c5-ac93-a9ec76e9efb4,8ecfcbfa-07c7-4e7b-9375-ae2a25020d71,AL_ACC,12,online,DEH-01,,2924.14,mid,117,published,2025-04-29T13:13:02Z,2025-05-01T13:13:02Z
78b0561f-02cd-4fe1-889d-df67ba248cae,d4ccfa46-2a36-428d-85b4-fb7f48a8c3dc,OL_TAM,11,online,DEH-01,,2611.56,mid,52,published,2025-06-20T17:54:29Z,2025-06-24T17:54:29Z
2726ed7a-8717-41e9-97ab-145b6e1a8d31,fb4db769-99eb-4cb7-a881-9cf6f92ef30b,OL_MATH,10,online,CMB-04,,1848.41,low,59,published,2025-03-24T19:57:01Z,2025-03-31T19:57:01Z
7f3101ca-01ba-4ec7-85d2-4e4a94844b1a,5df91105-c1d9-4906-be93-6fa46c52e201,AL_PHY,12,online,MTL-01,,5552.64,high,120,draft,2025-05-06T05:26:31Z,
458e54ae-bf8f-401a-9eea-034fa5d9c7a2,b866fca3-113d-4d87-a5db-d05c7aefed89,AL_CHEM,13,online,HOM-01,,5619.35,high,50,published,2025-05-13T18:38:45Z,2025-06-01T18:38:45Z
9c448830-9fc8-4188-a536-e893e13f5695,f010eed1-e3ed-4dc4-967b-bbf5ad2650b2,OL_MATH,10,online,CMB-04,,4253.15,mid,120,published,2025-04-16T02:34:08Z,2025-05-10T02:34:08Z
bb79f4dc-cd05-4b23-804e-e0e5bb9fa1ea,f1223440-d568-46ad-b2ab-fd2b0199cca8,OL_ICT,10,online,CMB-08,,1688.63,low,43,published,2025-03-02T07:02:56Z,2025-03-12T07:02:56Z
2077d779-8c19-4a5f-a901-c5825c5e5839,ae29b482-b2ea-4c4f-aee9-2453a4363e66,OL_ICT,10,online,CMB-08,,1868.42,low,27,published,2025-05-02T18:05:25Z,2025-05-03T18:05:25Z
ef156ebe-8318-425e-9fad-1b76675f8202,97da5916-30ed-4e39-9c4b-1a64769ce5f1,OL_SIN,10,physical,MAL-01,f2034b26-512e-43d1-92f8-9eaf2a02bec6,4031.35,mid,55,published,2025-08-22T13:54:45Z,2025-08-27T13:54:45Z
0590dd3f-0259-477e-b629-d0a78525a942,7c387a75-d192-4057-90f5-3a97c817df5c,OTHER_ART,12,online,CMB-08,,4737.34,mid,97,draft,2025-03-24T22:42:03Z,
95934e38-18b6-45f3-88e1-4869e2844b1e,df7fb23d-0651-4143-9051-b0de42f80e3d,OTHER_ART,12,physical,MAL-01,f2034b26-512e-43d1-92f8-9eaf2a02bec6,5331.61,mid,70,published,2025-08-02T18:07:56Z,2025-08-30T18:07:56Z
4ade9cd7-baac-4f68-9bc7-0ba719a41c64,48ac07a9-ed25-4968-a328-9aed94c32307,AL_ECON,13,online,CMB-11,,8906.54,high,115,published,2025-06-04T13:01:17Z,2025-06-20T13:01:17Z
d5235af1-35d1-46ff-ac59-e5fade0e765e,6e2c8b16-7257-410a-a87c-e657d1a0d3a1,OL_TAM,11,physical,HOM-01,7f7e7d19-7f7e-479e-9bce-c30649b33f95,6782.01,high,96,archived,2025-06-22T19:12:30Z,
47725f29-bfe2-42e1-a7ef-5862324307e3,450f4f26-1e64-4356-bb83-0dd586e77c73,AL_MATH,13,online,MAH-01,,4270.84,mid,67,published,2025-09-04T02:45:36Z,2025-09-10T02:45:36Z
